Z700,Z701,Z701,Z701,Z701,Z701,Z703,Z701,Z701,Z701,Z701,Z701,Z701,Z701,Z701,Z701,Z701,Z701,Z701,Z701,Z701,Z701,Z701,Z701,Z703,Z701,Z701,Z701,Z701,Z701,Z701,Z705
Z756,Z310,Z309,Z309,Z309,Z309,Z731,Z309,Z309,Z309,Z309,Z309,Z309,Z309,Z309,Z309,Z309,Z309,Z309,Z309,Z309,Z309,Z309,Z309,Z731,Z309,Z309,Z309,Z309,Z309,Z308,Z733
Z756,Z280,Z281,Z281,Z281,Z281,Z731,Z281,Z281,Z281,Z281,Z281,Z281,Z281,Z281,Z281,Z281,Z281,Z281,Z281,Z281,Z281,Z281,Z281,Z731,Z281,Z281,Z281,Z281,Z281,Z282,Z733
Z756,Z280,Z281,Z281,Z281,Z281,Z731,Z281,Z281,Z281,Z281,Z281,Z281,Z281,Z281,Z281,Z281,Z281,Z281,Z281,Z281,Z281,Z281,Z281,Z731,Z281,Z281,Z281,Z281,Z281,Z282,Z733
Z756,Z280,Z281,Z281,Z281,Z281,Z731,Z281,Z281,Z281,Z281,Z281,Z281,Z281,Z281,Z281,Z281,Z281,Z281,Z281,Z281,Z281,Z281,Z281,Z731,Z281,Z281,Z281,Z281,Z281,Z282,Z733
Z756,Z280,Z281,Z281,Z281,Z281,Z731,Z281,Z281,Z281,Z281,Z281,Z281,Z281,Z281,Z281,Z281,Z281,Z281,Z281,Z281,Z281,Z281,Z281,Z731,Z281,Z281,Z281,Z281,Z281,Z282,Z733
Z756,Z280,Z281,Z868,Z869,Z869,Z734,Z281,Z281,Z281,Z281,Z281,Z281,Z281,Z281,Z281,Z281,Z281,Z281,Z281,Z281,Z281,Z281,Z281,Z731,Z281,Z281,Z281,Z281,Z281,Z282,Z733
Z756,Z280,Z281,Z281,Z281,Z281,Z281,Z281,Z281,Z281,Z281,Z281,Z281,Z281,Z281,Z281,Z281,Z281,Z281,Z281,Z281,Z281,Z281,Z281,Z759,Z281,Z281,Z281,Z281,Z281,Z282,Z733
Z756,Z280,Z281,Z281,Z281,Z281,Z281,Z281,Z281,Z281,Z281,Z281,Z281,Z281,Z281,Z281,Z281,Z281,Z281,Z281,Z281,Z281,Z281,Z281,Z281,Z281,Z281,Z281,Z281,Z281,Z282,Z733
Z756,Z280,Z281,Z281,Z281,Z281,Z281,Z281,Z281,Z281,Z281,Z281,Z281,Z281,Z281,Z281,Z281,Z281,Z281,Z281,Z281,Z281,Z281,Z281,Z281,Z281,Z281,Z281,Z281,Z281,Z282,Z733
Z756,Z280,Z281,Z281,Z281,Z281,Z281,Z281,Z281,Z281,Z281,Z281,Z281,Z281,Z281,Z281,Z281,Z281,Z281,Z281,Z281,Z281,Z281,Z216,Z217,Z217,Z217,Z218,Z281,Z281,Z282,Z733
Z756,Z280,Z281,Z281,Z281,Z281,Z281,Z281,Z281,Z281,Z281,Z281,Z282,Z282,Z282,Z282,Z282,Z282,Z282,Z282,Z281,Z281,Z281,Z244,Z245,Z245,Z245,Z246,Z281,Z281,Z282,Z733
Z840,Z841,Z841,Z841,Z841,Z841,Z841,Z841,Z841,Z842,Z281,Z282,Z816,Z813,Z813,Z813,Z813,Z813,Z813,Z814,Z282,Z281,Z281,Z244,Z245,Z245,Z245,Z246,Z281,Z281,Z282,Z733
Z756,Z280,Z281,Z281,Z281,Z281,Z281,Z281,Z281,Z281,Z281,Z282,Z789,Z699,Z699,Z699,Z699,Z699,Z699,Z784,Z282,Z281,Z281,Z244,Z245,Z245,Z245,Z246,Z281,Z281,Z282,Z733
Z756,Z280,Z281,Z281,Z281,Z281,Z281,Z281,Z281,Z281,Z281,Z282,Z761,Z699,Z699,Z699,Z699,Z699,Z699,Z784,Z282,Z281,Z281,Z272,Z273,Z273,Z273,Z274,Z281,Z281,Z282,Z733
Z756,Z280,Z281,Z281,Z281,Z281,Z281,Z281,Z281,Z281,Z281,Z282,Z789,Z699,Z699,Z699,Z699,Z699,Z699,Z784,Z282,Z281,Z281,Z281,Z281,Z281,Z281,Z281,Z281,Z281,Z282,Z733
Z756,Z308,Z309,Z309,Z309,Z309,Z309,Z309,Z309,Z309,Z309,Z310,Z789,Z699,Z699,Z699,Z699,Z699,Z699,Z784,Z308,Z309,Z309,Z309,Z309,Z309,Z309,Z309,Z309,Z309,Z310,Z733
Z812,Z813,Z813,Z813,Z813,Z813,Z813,Z813,Z813,Z813,Z813,Z813,Z817,Z699,Z699,Z699,Z699,Z699,Z699,Z812,Z813,Z813,Z813,Z813,Z813,Z813,Z813,Z813,Z813,Z813,Z813,Z817
